test_score(out of 10),interview_score(out of 10),salary($),experience_numeric
8,9,50000.0,4
8,6,45000.0,4
6,7,60000.0,5
10,10,65000.0,2
9,6,70000.0,7
7,10,62000.0,3
8,7,72000.0,4
7,8,80000.0,4
9,6,52429.44785276074,2
10,10,92351.73824130878,12
